16-079,http://www.opengis.net/def/docs/16-079,2017-09-23,Semantic Sensor Network Ontology,is - OGC Implementation Specification,"https://www.w3.org/TR/2017/REC-vocab-ssn-20171019/
https://www.w3.org/TR/vocab-ssn/","http://www.w3.org/ns/sosa/
http://www.w3.org/ns/ssn/"
Doc number,URI,Date,Title(s),Document type,Link(s),Namespaces (one per line)
01-009,http://www.opengis.net/def/docs/01-009,2001-01-12,"Coordinate Transformation Services - OLE/COM
OpenGIS Coordinate Transformation Service Implementation Specification",is - OGC Implementation Specification,https://portal.ogc.org/files/?artifact_id=999,
04-094,http://www.opengis.net/def/docs/04-094,2005-05-03,OpenGIS Web Feature Service (WFS) Implementation Specification,is - OGC Implementation Specification,https://portal.ogc.org/files/?artifact_id=8339,
05-005,http://www.opengis.net/def/docs/05-005,2005-05-03,OpenGIS Web Map Context Implementation Specification,is - OGC Implementation Specification,https://portal.ogc.org/files/?artifact_id=8618,
05-007r7,http://www.opengis.net/def/docs/05-007r7,2007-10-05,Web Processing Service,is - OGC Implementation Specification,https://portal.ogc.org/files/?artifact_id=24151,
05-047r3,http://www.opengis.net/def/docs/05-047r3,2006-01-20,OpenGIS GML in JPEG 2000 for Geographic Imagery  Encoding Specification,is - OGC Implementation Specification,https://portal.ogc.org/files/?artifact_id=13252,
05-077r4,http://www.opengis.net/def/docs/05-077r4,2007-01-18,OpenGIS Symbology Encoding Implementation Specification,is - OGC Implementation Specification,https://portal.ogc.org/files/?artifact_id=16700,
05-078r4,http://www.opengis.net/def/docs/05-078r4,2007-08-14,OpenGIS Styled Layer Descriptor Profile of the Web Map Service Implementation Specification,is - OGC Implementation Specification,https://portal.ogc.org/files/?artifact_id=22364,
06-009r6,http://www.opengis.net/def/docs/06-009r6,2008-02-13,OpenGIS Sensor Observation Service,is - OGC Implementation Specification,https://portal.ogc.org/files/?artifact_id=26667,
06-024r4,http://www.opengis.net/def/docs/06-024r4,2008-09-08,OGC Location Services (OpenLS): Tracking Service Interface Standard,is - OGC Implementation Specification,https://portal.ogc.org/files/?artifact_id=25487,
06-042,http://www.opengis.net/def/docs/06-042,2006-03-15,OpenGIS Web Map Service (WMS) Implementation Specification,is - OGC Implementation Specification,https://portal.ogc.org/files/?artifact_id=14416,
06-103r4,http://www.opengis.net/def/docs/06-103r4,2011-05-28,OpenGIS Implementation Specification for Geographic information - Simple feature access - Part 1: Common architecture,is - OGC Implementation Specification,https://portal.ogc.org/files/?artifact_id=25355,
06-104r4,http://www.opengis.net/def/docs/06-104r4,2010-08-04,OpenGIS Implementation Specification for Geographic information - Simple feature access - Part 2: SQL option,is - OGC Implementation Specification,https://portal.ogc.org/files/?artifact_id=25354,
06-121r3,http://www.opengis.net/def/docs/06-121r3,2007-04-03,OpenGIS Web Service Common Implementation Specification,is - OGC Implementation Specification,https://portal.ogc.org/files/?artifact_id=20040,
06-121r9,http://www.opengis.net/def/docs/06-121r9,2010-04-07,OGC Web Service Common Implementation Specification,is - OGC Implementation Specification,https://portal.ogc.org/files/?artifact_id=38867,
06-131r6,http://www.opengis.net/def/docs/06-131r6,2010-02-10,OGC® Catalogue Services Standard 2.0 Extension Package for ebRIM Application Profile: Earth Observation Products,is - OGC Implementation Specification,https://portal.ogc.org/files/?artifact_id=35528,
06-141r6,http://www.opengis.net/def/docs/06-141r6,2012-01-09,Ordering Services Framework for Earth Observation Products  Interface Standard,is - OGC Implementation Specification,https://portal.ogc.org/files/?artifact_id=43928,
07-000,http://www.opengis.net/def/docs/07-000,2007-07-24,OpenGIS Sensor Model Language (SensorML),is - OGC Implementation Specification,https://portal.ogc.org/files/?artifact_id=21273,
07-006r1,http://www.opengis.net/def/docs/07-006r1,2007-04-20,OpenGIS Catalogue Service Implementation Specification,is - OGC Implementation Specification,https://portal.ogc.org/files/?artifact_id=20555,
07-036,http://www.opengis.net/def/docs/07-036,2007-10-05,OpenGIS Geography Markup Language (GML) Encoding Standard,is - OGC Implementation Specification,https://portal.ogc.org/files/?artifact_id=20509,
07-057r7,http://www.opengis.net/def/docs/07-057r7,2010-04-06,OpenGIS Web Map Tile Service Implementation Standard,is - OGC Implementation Specification,https://portal.ogc.org/files/?artifact_id=35326,
07-068r4,http://www.opengis.net/def/docs/07-068r4,2009-01-15,Web Coverage Service (WCS) - Transaction operation extension,is - OGC Implementation Specification,https://portal.ogc.org/files/?artifact_id=28506,
07-074,http://www.opengis.net/def/docs/07-074,2008-09-08,OpenGIS Location Service (OpenLS) Implementation Specification: Core Services,is - OGC Implementation Specification,https://portal.ogc.org/files/?artifact_id=22122,
07-098r1,http://www.opengis.net/def/docs/07-098r1,2008-02-23,GeoXACML Implementation Specification - Extension A (GML2) Encoding,is - OGC Implementation Specification,https://portal.ogc.org/files/?artifact_id=25219,
07-099r1,http://www.opengis.net/def/docs/07-099r1,2008-02-23,GeoXACML Implementation Specification - Extension B (GML3) Encoding,is - OGC Implementation Specification,https://portal.ogc.org/files/?artifact_id=25220,
07-110r4,http://www.opengis.net/def/docs/07-110r4,2009-02-05,CSW-ebRIM Registry Service - Part 1: ebRIM profile of CSW,is - OGC Implementation Specification,https://portal.ogc.org/files/?artifact_id=31137,
07-144r4,http://www.opengis.net/def/docs/07-144r4,2009-02-05,CSW-ebRIM Registry Service - Part 2: Basic extension package,is - OGC Implementation Specification,https://portal.ogc.org/files/?artifact_id=31138,
07-147r2,http://www.opengis.net/def/docs/07-147r2,2008-04-14,OGC KML,is - OGC Implementation Specification,https://portal.ogc.org/files/?artifact_id=27810,
08-007r1,http://www.opengis.net/def/docs/08-007r1,2008-08-20,OpenGIS®  City Geography Markup Language (CityGML) Encoding Standard,is - OGC Implementation Specification,https://portal.ogc.org/files/?artifact_id=28802,
08-028r7,http://www.opengis.net/def/docs/08-028r7,2008-09-04,OpenGIS Location Services (OpenLS): Part 6 - Navigation Service,is - OGC Implementation Specification,https://portal.ogc.org/files/?artifact_id=28493,
08-059r3,http://www.opengis.net/def/docs/08-059r3,2009-03-25,OpenGIS Web Coverage Service (WCS) - Processing Extension (WCPS),is - OGC Implementation Specification,https://portal.ogc.org/files/?artifact_id=32416,
08-068r2,http://www.opengis.net/def/docs/08-068r2,2009-03-25,OpenGIS Web Coverage Processing Service (WCPS) Language Interface Standard,is - OGC Implementation Specification,https://portal.ogc.org/files/?artifact_id=32319,
08-068r3,http://www.opengis.net/def/docs/08-068r3,2021-06-15,Web Coverage Processing Service (WCPS) Language Interface Standard,is - OGC Implementation Specification,https://docs.ogc.org/is/08-068r3/08-068r3.html,
08-085r4,http://www.opengis.net/def/docs/08-085r4,2014-09-23,OGC® GML in JPEG 2000 (GMLJP2) Encoding Standard Part 1: Core,is - OGC Implementation Specification,https://docs.ogc.org/is/08-085r4/08-085r4.html,
08-085r5,http://www.opengis.net/def/docs/08-085r5,2016-04-07,OGC GML in JPEG 2000 (GMLJP2) Encoding StandardPart 1: Core,is - OGC Implementation Specification,https://docs.ogc.org/is/08-085r5/08-085r5.html,
08-085r8,http://www.opengis.net/def/docs/08-085r8,2018-08-27,OGC® GML in JPEG 2000 (GMLJP2) Encoding Standard,is - OGC Implementation Specification,https://docs.ogc.org/is/08-085r8/08-085r8.html,
08-094r1,http://www.opengis.net/def/docs/08-094r1,2011-01-04,OGC® SWE Common Data Model Encoding Standard,is - OGC Implementation Specification,https://portal.ogc.org/files/?artifact_id=41157,
09-000,http://www.opengis.net/def/docs/09-000,2011-03-28,OGC® Sensor Planning Service Implementation Standard,is - OGC Implementation Specification,https://portal.ogc.org/files/?artifact_id=38478,
09-001,http://www.opengis.net/def/docs/09-001,2011-03-21,OpenGIS® SWE Service Model Implementation Standard,is - OGC Implementation Specification,https://portal.ogc.org/files/?artifact_id=38476,
09-025r2,http://www.opengis.net/def/docs/09-025r2,2014-07-10,OGC® Web Feature Service 2.0 Interface Standard - With Corrigendum,is - OGC Implementation Specification,https://docs.ogc.org/is/09-025r2/09-025r2.html,
09-026r1,http://www.opengis.net/def/docs/09-026r1,2010-11-22,OpenGIS Filter Encoding 2.0 Encoding Standard,is - OGC Implementation Specification,https://portal.ogc.org/files/?artifact_id=39968,
09-083r3,http://www.opengis.net/def/docs/09-083r3,2011-04-25,GeoAPI 3.0 Implementation Standard,is - OGC Implementation Specification,https://portal.ogc.org/files/?artifact_id=39397,
09-110r4,http://www.opengis.net/def/docs/09-110r4,2012-07-12,OGC® WCS 2.0 Interface Standard- Core:  Corrigendum,is - OGC Implementation Specification,https://portal.ogc.org/files/?artifact_id=48428,
09-127r2,http://www.opengis.net/def/docs/09-127r2,2012-01-25,OGC® PUCK Protocol Standard,is - OGC Implementation Specification,https://portal.ogc.org/files/?artifact_id=47604,
09-146r6,http://www.opengis.net/def/docs/09-146r6,2017-09-15,OGC Coverage Implementation Schema,is - OGC Implementation Specification,https://docs.ogc.org/is/09-146r6/09-146r6.html,
09-148r1,http://www.opengis.net/def/docs/09-148r1,2010-10-27,OGC® Web Coverage Service 2.0 Interface Standard - XML/POST Protocol Binding Extension,is - OGC Implementation Specification,https://portal.ogc.org/files/?artifact_id=41440,
09-149r1,http://www.opengis.net/def/docs/09-149r1,2010-10-27,OGC® Web Coverage Service 2.0 Interface Standard - XML/SOAP Protocol Binding Extension,is - OGC Implementation Specification,https://portal.ogc.org/files/?artifact_id=41441,
10-025r1,http://www.opengis.net/def/docs/10-025r1,2011-03-22,Observations and Measurements - XML Implementation,is - OGC Implementation Specification,https://portal.ogc.org/files/?artifact_id=41510,
10-032r8,http://www.opengis.net/def/docs/10-032r8,2014-04-14,OGC® OpenSearch Geo and Time Extensions,is - OGC Implementation Specification,https://portal.ogc.org/files/?artifact_id=56866,
10-070r2,http://www.opengis.net/def/docs/10-070r2,2010-11-22,OpenGIS® Georeferenced Table Joining Service Implementation Standard,is - OGC Implementation Specification,https://portal.ogc.org/files/?artifact_id=40095,
10-090r3,http://www.opengis.net/def/docs/10-090r3,2011-04-05,OGC Network Common Data Form (NetCDF)  Core Encoding Standard version 1.0,is - OGC Implementation Specification,https://portal.ogc.org/files/?artifact_id=43732,
10-126r4,http://www.opengis.net/def/docs/10-126r4,2014-02-24,OGC® WaterML 2.0: Part 1- Timeseries,is - OGC Implementation Specification,https://portal.ogc.org/files/?artifact_id=57222,
10-129r1,http://www.opengis.net/def/docs/10-129r1,2012-02-07,OGC® Geography Markup Language (GML) - Extended schemas and encoding rules,is - OGC Implementation Specification,https://portal.ogc.org/files/?artifact_id=46568,
10-140r2,http://www.opengis.net/def/docs/10-140r2,2018-10-04,OGC® Web Coverage Service 2.0 Interface Standard - Earth Observation Application Profile,is - OGC Implementation Specification,https://docs.ogc.org/is/10-140r2/10-140r2.html,
10-157r4,http://www.opengis.net/def/docs/10-157r4,2016-06-09,OGC® Earth Observation Metadata profile of Observations & Measurements,is - OGC Implementation Specification,https://docs.ogc.org/is/10-157r4/10-157r4.html,
11-014r3,http://www.opengis.net/def/docs/11-014r3,2014-05-26,OGC Open Modelling Interface Interface Standard,is - OGC Implementation Specification,https://portal.ogc.org/files/?artifact_id=59022,
11-017,http://www.opengis.net/def/docs/11-017,2011-05-12,Geospatial eXtensible Access Control Markup Language (GeoXACML) Version 1 Corrigendum,is - OGC Implementation Specification,https://portal.ogc.org/files/?artifact_id=42734,
11-030r1,http://www.opengis.net/def/docs/11-030r1,2012-01-19,OGC®: Open GeoSMS Standard - Core,is - OGC Implementation Specification,https://portal.ogc.org/files/?artifact_id=44146,
11-038R2,http://www.opengis.net/def/docs/11-038R2,2012-10-02,OGC Network Common Data Form (NetCDF) NetCDF Enhanced Data Model Extension Standard,is - OGC Implementation Specification,https://portal.ogc.org/files/?artifact_id=50294,
11-052r4,http://www.opengis.net/def/docs/11-052r4,2012-06-12,OGC GeoSPARQL - A Geographic Query Language for RDF Data,is - OGC Implementation Specification,https://portal.ogc.org/files/?artifact_id=47664,
11-165r2,http://www.opengis.net/def/docs/11-165r2,2013-01-03,CF-netCDF3 Data Model Extension standard,is - OGC Implementation Specification,https://portal.ogc.org/files/?artifact_id=51908,
12-000,http://www.opengis.net/def/docs/12-000,2014-02-04,OGC® SensorML: Model and XML Encoding Standard,is - OGC Implementation Specification,https://portal.ogc.org/files/?artifact_id=55939,
12-000r2,http://www.opengis.net/def/docs/12-000r2,2020-08-10,"OGC SensorML: Model and XML Encoding Standard
OGC SensorML: Model and XML Encoding Standard",is - OGC Implementation Specification,https://docs.ogc.org/is/12-000r2/12-000r2.html,
12-006,http://www.opengis.net/def/docs/12-006,2012-04-20,OGC® Sensor Observation Service Interface Standard,is - OGC Implementation Specification,https://portal.ogc.org/files/?artifact_id=47599,
12-007r2,http://www.opengis.net/def/docs/12-007r2,2015-08-04,OGC KML 2.3,is - OGC Implementation Specification,https://docs.ogc.org/is/12-007r2/12-007r2.html,
12-019,http://www.opengis.net/def/docs/12-019,2012-04-04,OGC City Geography Markup Language (CityGML) Encoding Standard,is - OGC Implementation Specification,"http://www.citygml.org
http://www.citygmlwiki.org
https://portal.ogc.org/files/?artifact_id=47842",
12-080r2,http://www.opengis.net/def/docs/12-080r2,2014-01-22,OGC OWS Context Conceptual Model,is - OGC Implementation Specification,https://portal.ogc.org/files/?artifact_id=55182,
12-084r2,http://www.opengis.net/def/docs/12-084r2,2014-01-14,OGC OWS Context Atom Encoding Standard,is - OGC Implementation Specification,https://portal.ogc.org/files/?artifact_id=55183,
12-100r1,http://www.opengis.net/def/docs/12-100r1,2014-05-28,OGC® GML Application Schema - Coverages - GeoTIFF Coverage Encoding Profile,is - OGC Implementation Specification,https://portal.ogc.org/files/?artifact_id=54813,
12-128r10,http://www.opengis.net/def/docs/12-128r10,2014-02-10,OGC® GeoPackage Encoding Standard,is - OGC Implementation Specification,https://portal.ogc.org/files/?artifact_id=56357,
12-128r12,http://www.opengis.net/def/docs/12-128r12,2015-04-20,"OGC® GeoPackage Encoding Standard
OGC® GeoPackage Encoding Standard - With Corrigendum",is - OGC Implementation Specification,"https://portal.ogc.org/files/?artifact_id=64506
https://www.geopackage.org/spec",
12-128r14,http://www.opengis.net/def/docs/12-128r14,2017-08-25,OGC® GeoPackage Encoding Standard,is - OGC Implementation Specification,https://portal.ogc.org/files/?artifact_id=74225,
12-128r17,http://www.opengis.net/def/docs/12-128r17,2021-02-04,OGC® GeoPackage Encoding Standard,is - OGC Implementation Specification,https://docs.ogc.org/is/12-128r17/12-128r17.html,
12-132r4,http://www.opengis.net/def/docs/12-132r4,2015-02-24,OGC Augmented Reality Markup Language 2.0 (ARML 2.0),is - OGC Implementation Specification,https://portal.ogc.org/files/?artifact_id=62168,
12-168r6,http://www.opengis.net/def/docs/12-168r6,2016-06-10,OGC® Catalogue Services 3.0 - General Model,is - OGC Implementation Specification,https://docs.ogc.org/is/12-168r6/12-168r6.html,
12-176r7,http://www.opengis.net/def/docs/12-176r7,2016-06-10,OGC® Catalogue Services 3.0 Specification - HTTP Protocol Binding,is - OGC Implementation Specification,https://docs.ogc.org/is/12-176r7/12-176r7.html,
13-026r8,http://www.opengis.net/def/docs/13-026r8,2016-12-16,OGC® OpenSearch Extension for Earth Observation,is - OGC Implementation Specification,https://docs.ogc.org/is/13-026r8/13-026r8.html,
13-057r1,http://www.opengis.net/def/docs/13-057r1,2016-11-17,OGC Web Coverage Service Interface Standard – Transaction Extension,is - OGC Implementation Specification,https://docs.ogc.org/is/13-057r1/13-057r1.html,
13-131r1,http://www.opengis.net/def/docs/13-131r1,2016-08-22,OGC® Publish/Subscribe Interface Standard 1.0 - Core,is - OGC Implementation Specification,https://docs.ogc.org/is/13-131r1/13-131r1.html,
13-133r1,http://www.opengis.net/def/docs/13-133r1,2016-08-22,OGC® Publish/Subscribe Interface Standard 1.0 SOAP Protocol Binding Extension,is - OGC Implementation Specification,https://docs.ogc.org/is/13-133r1/13-133r1.html,
14-005r3,http://www.opengis.net/def/docs/14-005r3,2014-12-02,OGC® IndoorGML,is - OGC Implementation Specification,https://docs.ogc.org/is/14-005r3/14-005r3.html,
14-055r2,http://www.opengis.net/def/docs/14-055r2,2017-04-07,OGC OWS Context GeoJSON Encoding Standard,is - OGC Implementation Specification,https://portal.ogc.org/files/?artifact_id=68826,
14-065,http://www.opengis.net/def/docs/14-065,2015-03-05,OGC® WPS 2.0 Interface Standard,is - OGC Implementation Specification,https://docs.ogc.org/is/14-065/14-065r0.html,
14-083r2,http://www.opengis.net/def/docs/14-083r2,2015-02-17,OGC® Moving Features Encoding Part I: XML Core,is - OGC Implementation Specification,https://docs.ogc.org/is/14-083r2/14-083r2.html,
14-084r2,http://www.opengis.net/def/docs/14-084r2,2015-02-17,OGC® Moving Features Encoding Extension: Simple Comma Separated Values (CSV),is - OGC Implementation Specification,https://docs.ogc.org/is/14-084r2/14-084r2.html,
14-100r2,http://www.opengis.net/def/docs/14-100r2,2015-11-18,OGC® CF-netCDF 3.0 encoding using GML Coverage Application Schema,is - OGC Implementation Specification,https://docs.ogc.org/is/14-100r2/14-100r2.html,
14-111r6,http://www.opengis.net/def/docs/14-111r6,2018-01-08,OGC® WaterML 2: Part 3 - Surface Hydrology Features (HY_Features) - Conceptual Model,is - OGC Implementation Specification,https://docs.ogc.org/is/14-111r6/14-111r6.html,
15-001r4,http://www.opengis.net/def/docs/15-001r4,2017-09-13,OGC® 3D Portrayal Service 1.0,is - OGC Implementation Specification,https://docs.ogc.org/is/15-001r4/15-001r4.html,
15-018r2,http://www.opengis.net/def/docs/15-018r2,2016-02-03,"OGC WaterML2.0: part 2 - Ratings, Gaugings and Sections",is - OGC Implementation Specification,https://docs.ogc.org/is/15-018r2/15-018r2.html,
15-042r3,http://www.opengis.net/def/docs/15-042r3,2016-09-09,TimeseriesML 1.0 – XML Encoding of the Timeseries Profile of Observations and Measurements,is - OGC Implementation Specification,https://docs.ogc.org/is/15-042r3/15-042r3.html,
15-042r5,http://www.opengis.net/def/docs/15-042r5,2018-12-18,OGC TimeseriesML 1.2 – XML Encoding of the Timeseries Profile of Observations and Measurements,is - OGC Implementation Specification,https://docs.ogc.org/is/15-042r5/15-042r5.html,
15-043r3,http://www.opengis.net/def/docs/15-043r3,2016-09-09,Timeseries Profile of Observations and Measurements,is - OGC Implementation Specification,https://docs.ogc.org/is/15-043r3/15-043r3.html,
15-045r7,http://www.opengis.net/def/docs/15-045r7,2021-03-22,OGC MetOcean Application profile for WCS2.1: Part 0 MetOcean Metadata,is - OGC Implementation Specification,https://docs.ogc.org/is/15-045r7/15-045r7.html,
15-078r6,http://www.opengis.net/def/docs/15-078r6,2016-07-26,OGC SensorThings API Part 1: Sensing,is - OGC Implementation Specification,https://docs.ogc.org/is/15-078r6/15-078r6.html,
15-097r1,http://www.opengis.net/def/docs/15-097r1,2016-12-22,OGC® Geospatial User Feedback Standard: Conceptual Model,is - OGC Implementation Specification,https://docs.ogc.org/is/15-097r1/15-097r1.html,
15-098r1,http://www.opengis.net/def/docs/15-098r1,2016-12-22,OGC® Geospatial User Feedback Standard: XML Encoding Extension,is - OGC Implementation Specification,https://docs.ogc.org/is/15-098r1/15-098r1.html,
15-108r3,http://www.opengis.net/def/docs/15-108r3,2021-03-22,OGC MetOcean Application profile for WCS2.1: Part 1 MetOcean GetCorridor Extension,is - OGC Implementation Specification,https://docs.ogc.org/is/15-108r3/15-108r3.html,
15-111r1,http://www.opengis.net/def/docs/15-111r1,2016-12-20,OGC® Land and Infrastructure Conceptual Model Standard (LandInfra),is - OGC Implementation Specification,https://docs.ogc.org/is/15-111r1/15-111r1.html,
15-112r2,http://www.opengis.net/def/docs/15-112r2,2017-02-23,Volume 3: OGC CDB Terms and Definitions,is - OGC Implementation Specification,https://portal.ogc.org/files/?artifact_id=72714,
15-112r3,http://www.opengis.net/def/docs/15-112r3,2018-12-19,Volume 3: OGC CDB Terms and Definitions,is - OGC Implementation Specification,https://portal.ogc.org/files/15-112r3,
15-112r4,http://www.opengis.net/def/docs/15-112r4,2021-02-26,Volume 3: OGC CDB Terms and Definitions (Normative),is - OGC Implementation Specification,https://docs.ogc.org/is/15-112r4/15-112r4.html,
15-113r3,http://www.opengis.net/def/docs/15-113r3,2017-02-23,Volume 1: OGC CDB Core Standard: Model and Physical Data Store Structure,is - OGC Implementation Specification,https://portal.ogc.org/files/?artifact_id=72712,
15-113r5,http://www.opengis.net/def/docs/15-113r5,2018-12-19,Volume 1: OGC CDB Core Standard: Model and Physical Data Store Structure,is - OGC Implementation Specification,https://portal.ogc.org/files/15-113r5,
15-113r6,http://www.opengis.net/def/docs/15-113r6,2021-02-26,Volume 1: OGC CDB Core Standard: Model and Physical Data Store Structure,is - OGC Implementation Specification,https://docs.ogc.org/is/15-113r6/15-113r6.html,
16-007r3,http://www.opengis.net/def/docs/16-007r3,2017-02-23,Volume 11: OGC CDB Core Standard Conceptual Model,is - OGC Implementation Specification,https://portal.ogc.org/files/?artifact_id=72723,
16-007r4,http://www.opengis.net/def/docs/16-007r4,2018-12-19,Volume 11: OGC CDB Core Standard Conceptual Model,is - OGC Implementation Specification,https://portal.ogc.org/files/16-007r4,
16-007r5,http://www.opengis.net/def/docs/16-007r5,2021-02-26,Volume 11: OGC CDB Core Standard Conceptual Model,is - OGC Implementation Specification,https://docs.ogc.org/is/16-007r5/16-007r5.html,
16-008,http://www.opengis.net/def/docs/16-008,2017-01-31,OGC Geoscience Markup Language 4.1 (GeoSciML),is - OGC Implementation Specification,https://docs.ogc.org/is/16-008/16-008.html,
16-008r1,http://www.opengis.net/def/docs/16-008r1,2017-01-31,OGC Geoscience Markup Language 4.1 (GeoSciML) - with Corrigendum,is - OGC Implementation Specification,https://docs.ogc.org/is/16-008/16-008r1.html,
16-032r2,http://www.opengis.net/def/docs/16-032r2,2017-03-06,OGC WaterML 2: Part 4 – GroundWaterML 2 (GWML2),is - OGC Implementation Specification,https://docs.ogc.org/is/16-032r2/16-032r2.html,
16-032r3,http://www.opengis.net/def/docs/16-032r3,2021-01-20,OGC WaterML 2: Part 4 - GroundWaterML 2 (GWML2),is - OGC Implementation Specification,https://docs.ogc.org/is/19-013/19-013.html,
16-060r2,http://www.opengis.net/def/docs/16-060r2,2018-11-27,OGC GML Application Schema – Coverages : GRIB2 Coverage Encoding Profile,is - OGC Implementation Specification,https://docs.ogc.org/is/16-060r2/16-060r2.html,
16-071r3,http://www.opengis.net/def/docs/16-071r3,2020-03-26,Time Ontology in OWL,is - OGC Implementation Specification,https://www.w3.org/TR/2020/CR-owl-time-20200326/,
16-083r2,http://www.opengis.net/def/docs/16-083r2,2017-06-15,OGC Coverage Implementation Schema - ReferenceableGridCoverage Extension,is - OGC Implementation Specification,https://docs.ogc.org/is/16-083r2/16-083r2.html,
16-100r2,http://www.opengis.net/def/docs/16-100r2,2017-08-16,"OGC InfraGML 1.0: Part 0 – LandInfra Core - Encoding Standard
OGC InfraGML 1.0: Part 0 – LandInfra Core - Encoding Standard",is - OGC Implementation Specification,https://portal.ogc.org/files/?artifact_id=75117,
16-101r2,http://www.opengis.net/def/docs/16-101r2,2017-08-16,"OGC InfraGML 1.0: Part 1 – LandInfra Land Features - Encoding Standard
OGC InfraGML 1.0: Part 1 – LandInfra Land Features - Encoding Standard",is - OGC Implementation Specification,https://portal.ogc.org/files/?artifact_id=75118,
16-102r2,http://www.opengis.net/def/docs/16-102r2,2017-08-16,"OGC InfraGML 1.0: Part 2 – LandInfra Facilities and Projects – Encoding Standard
OGC InfraGML 1.0: Part 2 - LandInfra Facilities and Projects - Encoding Standard",is - OGC Implementation Specification,https://portal.ogc.org/files/?artifact_id=75119,
16-103r2,http://www.opengis.net/def/docs/16-103r2,2017-08-16,"OGC InfraGML 1.0: Part 3 - Alignments - Encoding Standard
OGC InfraGML 1.0: Part 3 - Alignments - Encoding Standard",is - OGC Implementation Specification,https://portal.ogc.org/files/?artifact_id=75120,
16-104r2,http://www.opengis.net/def/docs/16-104r2,2017-08-16,"OGC InfraGML 1.0: Part 4 – LandInfra Roads - Encoding Standard
OGC InfraGML 1.0: Part 4 - LandInfra Roads - Encoding Standard",is - OGC Implementation Specification,https://portal.ogc.org/files/?artifact_id=75121,
16-105r2,http://www.opengis.net/def/docs/16-105r2,2017-08-16,"OGC InfraGML 1.0: Part 5 - Railways - Encoding Standard
OGC InfraGML 1.0: Part 5 - Railways - Encoding Standard",is - OGC Implementation Specification,https://portal.ogc.org/files/?artifact_id=75122,
16-106r2,http://www.opengis.net/def/docs/16-106r2,2017-08-16,OGC InfraGML 1.0: Part 6 – LandInfra Survey - Encoding Standard,is - OGC Implementation Specification,https://portal.ogc.org/files/?artifact_id=75123,
16-107r2,http://www.opengis.net/def/docs/16-107r2,2017-09-22,"OGC InfraGML 1.0: Part 7 – LandInfra Land Division - Encoding Standard
OGC InfraGML 1.0: Part 7 – LandInfra Land Division - Encoding Standard",is - OGC Implementation Specification,https://portal.ogc.org/files/?artifact_id=75929,
16-120r3,http://www.opengis.net/def/docs/16-120r3,2017-03-12,OGC Moving Features Access,is - OGC Implementation Specification,https://docs.ogc.org/is/16-120r3/16-120r3.html,
17-003r2,http://www.opengis.net/def/docs/17-003r2,2020-02-14,OGC EO Dataset Metadata GeoJSON(-LD) Encoding Standard,is - OGC Implementation Specification,https://docs.ogc.org/is/17-003r2/17-003r2.html,
17-007r1,http://www.opengis.net/def/docs/17-007r1,2019-01-28,OGC Web Services Security,is - OGC Implementation Specification,https://docs.ogc.org/is/17-007r1/17-007r1.html,
17-047r1,http://www.opengis.net/def/docs/17-047r1,2020-04-27,OGC OpenSearch-EO GeoJSON(-LD) Response Encoding Standard,is - OGC Implementation Specification,https://docs.ogc.org/is/17-047r1/17-047r1.html,
17-066r1,http://www.opengis.net/def/docs/17-066r1,2018-03-07,OGC GeoPackage Extension for Tiled Gridded Coverage Data,is - OGC Implementation Specification,https://docs.ogc.org/is/17-066r1/17-066r1.html,
17-066r2,http://www.opengis.net/def/docs/17-066r2,2022-05-02,OGC GeoPackage Extension for Tiled Gridded Coverage Data,is - OGC Implementation Specification,https://docs.ogc.org/is/17-066r2/17-066r2.html,
17-069r3,http://www.opengis.net/def/docs/17-069r3,2019-10-07,OGC API - Features - Part 1: Core,is - OGC Implementation Specification,"https://opengeospatial.github.io/ogc-features-website/
https://docs.ogc.org/is/17-069r3/17-069r3.html",
17-069r4,http://www.opengis.net/def/docs/17-069r4,2022-05-11,"OGC API - Features - Part 1: Core
OGC API - Features - Part 1: Core corrigendum",is - OGC Implementation Specification,https://docs.ogc.org/is/17-069r4/17-069r4.html,
17-079r1,http://www.opengis.net/def/docs/17-079r1,2019-01-08,OGC SensorThings API Part 2 – Tasking Core,is - OGC Implementation Specification,https://docs.ogc.org/is/17-079r1/17-079r1.html,
17-080r2,http://www.opengis.net/def/docs/17-080r2,2018-09-20,CDB Multi-Spectral Imagery Extension,is - OGC Implementation Specification,https://docs.ogc.org/is/17-080r2/17-080r2.html,
17-083r2,http://www.opengis.net/def/docs/17-083r2,2019-10-06,OGC Two Dimensional Tile Matrix Set,is - OGC Implementation Specification,https://docs.ogc.org/is/17-083r2/17-083r2.html,
17-083r4,http://www.opengis.net/def/docs/17-083r4,2022-09-09,OGC Two Dimensional Tile Matrix Set and Tile Set Metadata,is - OGC Implementation Specification,https://docs.ogc.org/is/17-083r4/17-083r4.html,
17-086r3,http://www.opengis.net/def/docs/17-086r3,2021-03-22,OGC MetOcean Application profile for WCS2.1: Part 2 MetOcean GetPolygon Extension,is - OGC Implementation Specification,https://docs.ogc.org/is/17-086r3/17-086r3.html,
17-089r1,http://www.opengis.net/def/docs/17-089r1,2018-08-16,OGC Web Coverage Service (WCS) 2.1 Interface Standard - Core,is - OGC Implementation Specification,https://docs.ogc.org/is/17-089r1/17-089r1.html,
18-000,http://www.opengis.net/def/docs/18-000,2019-05-08,OGC GeoPackage Related Tables Extension,is - OGC Implementation Specification,https://docs.ogc.org/is/18-000/18-000.html,
18-010r7,http://www.opengis.net/def/docs/18-010r7,2019-08-13,Geographic information — Well-known text representation of coordinate reference systems,is - OGC Implementation Specification,https://docs.ogc.org/is/18-010r7/18-010r7.html,
18-043r3,http://www.opengis.net/def/docs/18-043r3,2019-10-28,OGC Hierarchical Data Format Version 5 (HDF5®) Core Standard,is - OGC Implementation Specification,https://docs.ogc.org/is/18-043r3/18-043r3.html,
18-058,http://www.opengis.net/def/docs/18-058,2020-11-02,"OGC API - Features - Part 2: Coordinate Reference Systems by Reference
OGC API - Features - Part 2: Coordinate Reference Systems by Reference",is - OGC Implementation Specification,https://docs.ogc.org/is/18-058/18-058.html,
18-058r1,http://www.opengis.net/def/docs/18-058r1,2022-05-11,"OGC API - Features - Part 2: Coordinate Reference Systems by Reference
OGC API - Features - Part 2: Coordinate Reference Systems by Reference corrigendum",is - OGC Implementation Specification,https://docs.opengeospatial.org/is/18-058r1/18-058r1.html,
18-062r2,http://www.opengis.net/def/docs/18-062r2,2021-12-20,OGC API - Processes - Part 1: Core,is - OGC Implementation Specification,https://docs.ogc.org/is/18-062r2/18-062r2.html,
18-067r3,http://www.opengis.net/def/docs/18-067r3,2020-10-15,OGC Symbology Conceptual Model: Core Part,is - OGC Implementation Specification,https://docs.ogc.org/is/18-067r3/18-067r3.html,
18-073r2,http://www.opengis.net/def/docs/18-073r2,2019-08-08,OGC PipelineML Conceptual and Encoding Model Standard,is - OGC Implementation Specification,https://docs.ogc.org/is/18-073r2/18-073r2.html,
18-088,http://www.opengis.net/def/docs/18-088,2021-08-04,OGC SensorThings API Part 1: Sensing Version 1.1,is - OGC Implementation Specification,https://docs.ogc.org/is/18-088/18-088.html,
19-008r4,http://www.opengis.net/def/docs/19-008r4,2019-09-14,"OGC GeoTIFF standard
OGC GeoTIFF Standard",is - OGC Implementation Specification,https://docs.ogc.org/is/19-008r4/19-008r4.html,
19-011r4,http://www.opengis.net/def/docs/19-011r4,2020-11-05,OGC® IndoorGML 1.1,is - OGC Implementation Specification,https://docs.ogc.org/is/19-011r4/19-011r4.html,
19-045r3,http://www.opengis.net/def/docs/19-045r3,2020-05-21,OGC Moving Features Encoding Extension - JSON,is - OGC Implementation Specification,https://docs.ogc.org/is/19-045r3/19-045r3.html,
19-072,http://www.opengis.net/def/docs/19-072,2023-03-28,"OGC API - Common - Part 1: Core
OGC API - Common - Part 1: Core",is - OGC Implementation Specification,https://docs.ogc.org/is/19-072/19-072.html,
19-086r4,http://www.opengis.net/def/docs/19-086r4,2021-08-13,"OGC API - Environmental Data Retrieval Standard
OGC API - Environmental Data Retrieval Standard",is - OGC Implementation Specification,https://docs.ogc.org/is/19-086r4/19-086r4.html,
19-086r5,http://www.opengis.net/def/docs/19-086r5,2022-08-05,OGC API - Environmental Data Retrieval Standard,is - OGC Implementation Specification,https://docs.ogc.org/is/19-086r5/19-086r5.html,
20-010,http://www.opengis.net/def/docs/20-010,2021-09-13,OGC City Geography Markup Language (CityGML) Part 1: Conceptual Model Standard,is - OGC Implementation Specification,https://docs.ogc.org/is/20-010/20-010.html,
20-050,http://www.opengis.net/def/docs/20-050,2021-02-26,"Volume 13: OGC CDB Rules for Encoding CDB Vector Data using GeoPackage (Normative, Optional Extension).",is - OGC Implementation Specification,https://docs.ogc.org/is/20-050/20-050.html,
20-057,http://www.opengis.net/def/docs/20-057,2022-11-10,OGC API - Tiles - Part 1: Core,is - OGC Implementation Specification,https://docs.ogc.org/is/20-057/20-057.html,
21-057,http://www.opengis.net/def/docs/21-057,2022-10-14,OGC GeoPackage WKT for Coordinate Reference Systems Extension,is - OGC Implementation Specification,https://docs.ogc.org/is/21-057/21-057.html,
99-050,http://www.opengis.net/def/docs/99-050,1999-05-18,OpenGIS Simple Features Implementation Specification for OLE/COM,is - OGC Implementation Specification,https://portal.ogc.org/files/?artifact_id=830,
99-054,http://www.opengis.net/def/docs/99-054,1999-06-02,OpenGIS Simple Features Implementation Specification for CORBA,is - OGC Implementation Specification,https://portal.ogc.org/files/?artifact_id=834,