source,target
https://defs.opengis.net/vocprez/object?uri=http%3A//schemas.opengis.net/tms/1.0/json/examples/CanadianNAD83_LCC.json,http://schemas.opengis.net/tms/1.0/json/examples/CanadianNAD83_LCC.json
https://defs.opengis.net/vocprez/object?uri=http%3A//schemas.opengis.net/tms/1.0/json/examples/EuropeanETRS89_LAEAQuad.json,http://schemas.opengis.net/tms/1.0/json/examples/EuropeanETRS89_LAEAQuad.json
https://defs.opengis.net/vocprez/object?uri=http%3A//schemas.opengis.net/tms/1.0/json/examples/GNOSISGlobalGrid.json,http://schemas.opengis.net/tms/1.0/json/examples/GNOSISGlobalGrid.json
https://defs.opengis.net/vocprez/object?uri=http%3A//schemas.opengis.net/tms/1.0/json/examples/UPSAntarcticWGS84Quad.json,http://schemas.opengis.net/tms/1.0/json/examples/UPSAntarcticWGS84Quad.json
https://defs.opengis.net/vocprez/object?uri=http%3A//schemas.opengis.net/tms/1.0/json/examples/UPSArcticWGS84Quad.json,http://schemas.opengis.net/tms/1.0/json/examples/UPSArcticWGS84Quad.json
https://defs.opengis.net/vocprez/object?uri=http%3A//schemas.opengis.net/tms/1.0/json/examples/UTM31WGS84Quad.json,http://schemas.opengis.net/tms/1.0/json/examples/UTM31WGS84Quad.json
https://defs.opengis.net/vocprez/object?uri=http%3A//schemas.opengis.net/tms/1.0/json/examples/WebMercatorQuad.json,http://schemas.opengis.net/tms/1.0/json/examples/WebMercatorQuad.json
https://defs.opengis.net/vocprez/object?uri=http%3A//schemas.opengis.net/tms/1.0/json/examples/WorldCRS84Quad.json,http://schemas.opengis.net/tms/1.0/json/examples/WorldCRS84Quad.json
https://defs.opengis.net/vocprez/object?uri=http%3A//schemas.opengis.net/tms/1.0/json/examples/WorldMercatorWGS84Quad.json,http://schemas.opengis.net/tms/1.0/json/examples/WorldMercatorWGS84Quad.json
https://defs.opengis.net/vocprez/object?uri=http%3A//schemas.opengis.net/tms/2.0/json/CanadianNAD83_LCC.json,http://schemas.opengis.net/tms/2.0/json/CanadianNAD83_LCC.json
https://defs.opengis.net/vocprez/object?uri=http%3A//schemas.opengis.net/tms/2.0/json/CDB1GlobalGrid.json,http://schemas.opengis.net/tms/2.0/json/CDB1GlobalGrid.json
https://defs.opengis.net/vocprez/object?uri=http%3A//schemas.opengis.net/tms/2.0/json/EuropeanETRS89_LAEAQuad.json,http://schemas.opengis.net/tms/2.0/json/EuropeanETRS89_LAEAQuad.json
https://defs.opengis.net/vocprez/object?uri=http%3A//schemas.opengis.net/tms/2.0/json/GNOSISGlobalGrid.json,http://schemas.opengis.net/tms/2.0/json/GNOSISGlobalGrid.json
https://defs.opengis.net/vocprez/object?uri=http%3A//schemas.opengis.net/tms/2.0/json/UPSAntarcticWGS84Quad.json,http://schemas.opengis.net/tms/2.0/json/UPSAntarcticWGS84Quad.json
https://defs.opengis.net/vocprez/object?uri=http%3A//schemas.opengis.net/tms/2.0/json/UPSArcticWGS84Quad.json,http://schemas.opengis.net/tms/2.0/json/UPSArcticWGS84Quad.json
https://defs.opengis.net/vocprez/object?uri=http%3A//schemas.opengis.net/tms/2.0/json/UTM01WGS84Quad.json,http://schemas.opengis.net/tms/2.0/json/UTM01WGS84Quad.json
https://defs.opengis.net/vocprez/object?uri=http%3A//schemas.opengis.net/tms/2.0/json/UTM02WGS84Quad.json,http://schemas.opengis.net/tms/2.0/json/UTM02WGS84Quad.json
https://defs.opengis.net/vocprez/object?uri=http%3A//schemas.opengis.net/tms/2.0/json/UTM03WGS84Quad.json,http://schemas.opengis.net/tms/2.0/json/UTM03WGS84Quad.json
https://defs.opengis.net/vocprez/object?uri=http%3A//schemas.opengis.net/tms/2.0/json/UTM04WGS84Quad.json,http://schemas.opengis.net/tms/2.0/json/UTM04WGS84Quad.json
https://defs.opengis.net/vocprez/object?uri=http%3A//schemas.opengis.net/tms/2.0/json/UTM05WGS84Quad.json,http://schemas.opengis.net/tms/2.0/json/UTM05WGS84Quad.json
https://defs.opengis.net/vocprez/object?uri=http%3A//schemas.opengis.net/tms/2.0/json/UTM06WGS84Quad.json,http://schemas.opengis.net/tms/2.0/json/UTM06WGS84Quad.json
https://defs.opengis.net/vocprez/object?uri=http%3A//schemas.opengis.net/tms/2.0/json/UTM07WGS84Quad.json,http://schemas.opengis.net/tms/2.0/json/UTM07WGS84Quad.json
https://defs.opengis.net/vocprez/object?uri=http%3A//schemas.opengis.net/tms/2.0/json/UTM08WGS84Quad.json,http://schemas.opengis.net/tms/2.0/json/UTM08WGS84Quad.json
https://defs.opengis.net/vocprez/object?uri=http%3A//schemas.opengis.net/tms/2.0/json/UTM09WGS84Quad.json,http://schemas.opengis.net/tms/2.0/json/UTM09WGS84Quad.json
https://defs.opengis.net/vocprez/object?uri=http%3A//schemas.opengis.net/tms/2.0/json/UTM10WGS84Quad.json,http://schemas.opengis.net/tms/2.0/json/UTM10WGS84Quad.json
https://defs.opengis.net/vocprez/object?uri=http%3A//schemas.opengis.net/tms/2.0/json/UTM11WGS84Quad.json,http://schemas.opengis.net/tms/2.0/json/UTM11WGS84Quad.json
https://defs.opengis.net/vocprez/object?uri=http%3A//schemas.opengis.net/tms/2.0/json/UTM12WGS84Quad.json,http://schemas.opengis.net/tms/2.0/json/UTM12WGS84Quad.json
https://defs.opengis.net/vocprez/object?uri=http%3A//schemas.opengis.net/tms/2.0/json/UTM13WGS84Quad.json,http://schemas.opengis.net/tms/2.0/json/UTM13WGS84Quad.json
https://defs.opengis.net/vocprez/object?uri=http%3A//schemas.opengis.net/tms/2.0/json/UTM14WGS84Quad.json,http://schemas.opengis.net/tms/2.0/json/UTM14WGS84Quad.json
https://defs.opengis.net/vocprez/object?uri=http%3A//schemas.opengis.net/tms/2.0/json/UTM15WGS84Quad.json,http://schemas.opengis.net/tms/2.0/json/UTM15WGS84Quad.json
https://defs.opengis.net/vocprez/object?uri=http%3A//schemas.opengis.net/tms/2.0/json/UTM16WGS84Quad.json,http://schemas.opengis.net/tms/2.0/json/UTM16WGS84Quad.json
https://defs.opengis.net/vocprez/object?uri=http%3A//schemas.opengis.net/tms/2.0/json/UTM17WGS84Quad.json,http://schemas.opengis.net/tms/2.0/json/UTM17WGS84Quad.json
https://defs.opengis.net/vocprez/object?uri=http%3A//schemas.opengis.net/tms/2.0/json/UTM18WGS84Quad.json,http://schemas.opengis.net/tms/2.0/json/UTM18WGS84Quad.json
https://defs.opengis.net/vocprez/object?uri=http%3A//schemas.opengis.net/tms/2.0/json/UTM19WGS84Quad.json,http://schemas.opengis.net/tms/2.0/json/UTM19WGS84Quad.json
https://defs.opengis.net/vocprez/object?uri=http%3A//schemas.opengis.net/tms/2.0/json/UTM20WGS84Quad.json,http://schemas.opengis.net/tms/2.0/json/UTM20WGS84Quad.json
https://defs.opengis.net/vocprez/object?uri=http%3A//schemas.opengis.net/tms/2.0/json/UTM21WGS84Quad.json,http://schemas.opengis.net/tms/2.0/json/UTM21WGS84Quad.json
https://defs.opengis.net/vocprez/object?uri=http%3A//schemas.opengis.net/tms/2.0/json/UTM22WGS84Quad.json,http://schemas.opengis.net/tms/2.0/json/UTM22WGS84Quad.json
https://defs.opengis.net/vocprez/object?uri=http%3A//schemas.opengis.net/tms/2.0/json/UTM23WGS84Quad.json,http://schemas.opengis.net/tms/2.0/json/UTM23WGS84Quad.json
https://defs.opengis.net/vocprez/object?uri=http%3A//schemas.opengis.net/tms/2.0/json/UTM24WGS84Quad.json,http://schemas.opengis.net/tms/2.0/json/UTM24WGS84Quad.json
https://defs.opengis.net/vocprez/object?uri=http%3A//schemas.opengis.net/tms/2.0/json/UTM25WGS84Quad.json,http://schemas.opengis.net/tms/2.0/json/UTM25WGS84Quad.json
https://defs.opengis.net/vocprez/object?uri=http%3A//schemas.opengis.net/tms/2.0/json/UTM26WGS84Quad.json,http://schemas.opengis.net/tms/2.0/json/UTM26WGS84Quad.json
https://defs.opengis.net/vocprez/object?uri=http%3A//schemas.opengis.net/tms/2.0/json/UTM27WGS84Quad.json,http://schemas.opengis.net/tms/2.0/json/UTM27WGS84Quad.json
https://defs.opengis.net/vocprez/object?uri=http%3A//schemas.opengis.net/tms/2.0/json/UTM28WGS84Quad.json,http://schemas.opengis.net/tms/2.0/json/UTM28WGS84Quad.json
https://defs.opengis.net/vocprez/object?uri=http%3A//schemas.opengis.net/tms/2.0/json/UTM29WGS84Quad.json,http://schemas.opengis.net/tms/2.0/json/UTM29WGS84Quad.json
https://defs.opengis.net/vocprez/object?uri=http%3A//schemas.opengis.net/tms/2.0/json/UTM30WGS84Quad.json,http://schemas.opengis.net/tms/2.0/json/UTM30WGS84Quad.json
https://defs.opengis.net/vocprez/object?uri=http%3A//schemas.opengis.net/tms/2.0/json/UTM31WGS84Quad.json,http://schemas.opengis.net/tms/2.0/json/UTM31WGS84Quad.json
https://defs.opengis.net/vocprez/object?uri=http%3A//schemas.opengis.net/tms/2.0/json/UTM32WGS84Quad.json,http://schemas.opengis.net/tms/2.0/json/UTM32WGS84Quad.json
https://defs.opengis.net/vocprez/object?uri=http%3A//schemas.opengis.net/tms/2.0/json/UTM33WGS84Quad.json,http://schemas.opengis.net/tms/2.0/json/UTM33WGS84Quad.json
https://defs.opengis.net/vocprez/object?uri=http%3A//schemas.opengis.net/tms/2.0/json/UTM34WGS84Quad.json,http://schemas.opengis.net/tms/2.0/json/UTM34WGS84Quad.json
https://defs.opengis.net/vocprez/object?uri=http%3A//schemas.opengis.net/tms/2.0/json/UTM35WGS84Quad.json,http://schemas.opengis.net/tms/2.0/json/UTM35WGS84Quad.json
https://defs.opengis.net/vocprez/object?uri=http%3A//schemas.opengis.net/tms/2.0/json/UTM36WGS84Quad.json,http://schemas.opengis.net/tms/2.0/json/UTM36WGS84Quad.json
https://defs.opengis.net/vocprez/object?uri=http%3A//schemas.opengis.net/tms/2.0/json/UTM37WGS84Quad.json,http://schemas.opengis.net/tms/2.0/json/UTM37WGS84Quad.json
https://defs.opengis.net/vocprez/object?uri=http%3A//schemas.opengis.net/tms/2.0/json/UTM38WGS84Quad.json,http://schemas.opengis.net/tms/2.0/json/UTM38WGS84Quad.json
https://defs.opengis.net/vocprez/object?uri=http%3A//schemas.opengis.net/tms/2.0/json/UTM39WGS84Quad.json,http://schemas.opengis.net/tms/2.0/json/UTM39WGS84Quad.json
https://defs.opengis.net/vocprez/object?uri=http%3A//schemas.opengis.net/tms/2.0/json/UTM40WGS84Quad.json,http://schemas.opengis.net/tms/2.0/json/UTM40WGS84Quad.json
https://defs.opengis.net/vocprez/object?uri=http%3A//schemas.opengis.net/tms/2.0/json/UTM41WGS84Quad.json,http://schemas.opengis.net/tms/2.0/json/UTM41WGS84Quad.json
https://defs.opengis.net/vocprez/object?uri=http%3A//schemas.opengis.net/tms/2.0/json/UTM42WGS84Quad.json,http://schemas.opengis.net/tms/2.0/json/UTM42WGS84Quad.json
https://defs.opengis.net/vocprez/object?uri=http%3A//schemas.opengis.net/tms/2.0/json/UTM43WGS84Quad.json,http://schemas.opengis.net/tms/2.0/json/UTM43WGS84Quad.json
https://defs.opengis.net/vocprez/object?uri=http%3A//schemas.opengis.net/tms/2.0/json/UTM44WGS84Quad.json,http://schemas.opengis.net/tms/2.0/json/UTM44WGS84Quad.json
https://defs.opengis.net/vocprez/object?uri=http%3A//schemas.opengis.net/tms/2.0/json/UTM45WGS84Quad.json,http://schemas.opengis.net/tms/2.0/json/UTM45WGS84Quad.json
https://defs.opengis.net/vocprez/object?uri=http%3A//schemas.opengis.net/tms/2.0/json/UTM46WGS84Quad.json,http://schemas.opengis.net/tms/2.0/json/UTM46WGS84Quad.json
https://defs.opengis.net/vocprez/object?uri=http%3A//schemas.opengis.net/tms/2.0/json/UTM47WGS84Quad.json,http://schemas.opengis.net/tms/2.0/json/UTM47WGS84Quad.json
https://defs.opengis.net/vocprez/object?uri=http%3A//schemas.opengis.net/tms/2.0/json/UTM48WGS84Quad.json,http://schemas.opengis.net/tms/2.0/json/UTM48WGS84Quad.json
https://defs.opengis.net/vocprez/object?uri=http%3A//schemas.opengis.net/tms/2.0/json/UTM49WGS84Quad.json,http://schemas.opengis.net/tms/2.0/json/UTM49WGS84Quad.json
https://defs.opengis.net/vocprez/object?uri=http%3A//schemas.opengis.net/tms/2.0/json/UTM50WGS84Quad.json,http://schemas.opengis.net/tms/2.0/json/UTM50WGS84Quad.json
https://defs.opengis.net/vocprez/object?uri=http%3A//schemas.opengis.net/tms/2.0/json/UTM51WGS84Quad.json,http://schemas.opengis.net/tms/2.0/json/UTM51WGS84Quad.json
https://defs.opengis.net/vocprez/object?uri=http%3A//schemas.opengis.net/tms/2.0/json/UTM52WGS84Quad.json,http://schemas.opengis.net/tms/2.0/json/UTM52WGS84Quad.json
https://defs.opengis.net/vocprez/object?uri=http%3A//schemas.opengis.net/tms/2.0/json/UTM53WGS84Quad.json,http://schemas.opengis.net/tms/2.0/json/UTM53WGS84Quad.json
https://defs.opengis.net/vocprez/object?uri=http%3A//schemas.opengis.net/tms/2.0/json/UTM54WGS84Quad.json,http://schemas.opengis.net/tms/2.0/json/UTM54WGS84Quad.json
https://defs.opengis.net/vocprez/object?uri=http%3A//schemas.opengis.net/tms/2.0/json/UTM55WGS84Quad.json,http://schemas.opengis.net/tms/2.0/json/UTM55WGS84Quad.json
https://defs.opengis.net/vocprez/object?uri=http%3A//schemas.opengis.net/tms/2.0/json/UTM56WGS84Quad.json,http://schemas.opengis.net/tms/2.0/json/UTM56WGS84Quad.json
https://defs.opengis.net/vocprez/object?uri=http%3A//schemas.opengis.net/tms/2.0/json/UTM57WGS84Quad.json,http://schemas.opengis.net/tms/2.0/json/UTM57WGS84Quad.json
https://defs.opengis.net/vocprez/object?uri=http%3A//schemas.opengis.net/tms/2.0/json/UTM58WGS84Quad.json,http://schemas.opengis.net/tms/2.0/json/UTM58WGS84Quad.json
https://defs.opengis.net/vocprez/object?uri=http%3A//schemas.opengis.net/tms/2.0/json/UTM59WGS84Quad.json,http://schemas.opengis.net/tms/2.0/json/UTM59WGS84Quad.json
https://defs.opengis.net/vocprez/object?uri=http%3A//schemas.opengis.net/tms/2.0/json/UTM60WGS84Quad.json,http://schemas.opengis.net/tms/2.0/json/UTM60WGS84Quad.json
https://defs.opengis.net/vocprez/object?uri=http%3A//schemas.opengis.net/tms/2.0/json/WebMercatorQuad.json,http://schemas.opengis.net/tms/2.0/json/WebMercatorQuad.json
https://defs.opengis.net/vocprez/object?uri=http%3A//schemas.opengis.net/tms/2.0/json/WorldCRS84Quad.json,http://schemas.opengis.net/tms/2.0/json/WorldCRS84Quad.json
https://defs.opengis.net/vocprez/object?uri=http%3A//schemas.opengis.net/tms/2.0/json/WorldMercatorWGS84Quad.json,http://schemas.opengis.net/tms/2.0/json/WorldMercatorWGS84Quad.json
https://defs.opengis.net/vocprez/object?uri=http%3A//schemas.opengis.net/tms/2.0/xml/CanadianNAD83_LCC.xml,http://schemas.opengis.net/tms/2.0/xml/CanadianNAD83_LCC.xml
https://defs.opengis.net/vocprez/object?uri=http%3A//schemas.opengis.net/tms/2.0/xml/CDB1GlobalGrid.xml,http://schemas.opengis.net/tms/2.0/xml/CDB1GlobalGrid.xml
https://defs.opengis.net/vocprez/object?uri=http%3A//schemas.opengis.net/tms/2.0/xml/EuropeanETRS89_LAEAQuad.xml,http://schemas.opengis.net/tms/2.0/xml/EuropeanETRS89_LAEAQuad.xml
https://defs.opengis.net/vocprez/object?uri=http%3A//schemas.opengis.net/tms/2.0/xml/GNOSISGlobalGrid.xml,http://schemas.opengis.net/tms/2.0/xml/GNOSISGlobalGrid.xml
https://defs.opengis.net/vocprez/object?uri=http%3A//schemas.opengis.net/tms/2.0/xml/UPSAntarcticWGS84Quad.xml,http://schemas.opengis.net/tms/2.0/xml/UPSAntarcticWGS84Quad.xml
https://defs.opengis.net/vocprez/object?uri=http%3A//schemas.opengis.net/tms/2.0/xml/UPSArcticWGS84Quad.xml,http://schemas.opengis.net/tms/2.0/xml/UPSArcticWGS84Quad.xml
https://defs.opengis.net/vocprez/object?uri=http%3A//schemas.opengis.net/tms/2.0/xml/UTM01WGS84Quad.xml,http://schemas.opengis.net/tms/2.0/xml/UTM01WGS84Quad.xml
https://defs.opengis.net/vocprez/object?uri=http%3A//schemas.opengis.net/tms/2.0/xml/UTM02WGS84Quad.xml,http://schemas.opengis.net/tms/2.0/xml/UTM02WGS84Quad.xml
https://defs.opengis.net/vocprez/object?uri=http%3A//schemas.opengis.net/tms/2.0/xml/UTM03WGS84Quad.xml,http://schemas.opengis.net/tms/2.0/xml/UTM03WGS84Quad.xml
https://defs.opengis.net/vocprez/object?uri=http%3A//schemas.opengis.net/tms/2.0/xml/UTM04WGS84Quad.xml,http://schemas.opengis.net/tms/2.0/xml/UTM04WGS84Quad.xml
https://defs.opengis.net/vocprez/object?uri=http%3A//schemas.opengis.net/tms/2.0/xml/UTM05WGS84Quad.xml,http://schemas.opengis.net/tms/2.0/xml/UTM05WGS84Quad.xml
https://defs.opengis.net/vocprez/object?uri=http%3A//schemas.opengis.net/tms/2.0/xml/UTM06WGS84Quad.xml,http://schemas.opengis.net/tms/2.0/xml/UTM06WGS84Quad.xml
https://defs.opengis.net/vocprez/object?uri=http%3A//schemas.opengis.net/tms/2.0/xml/UTM07WGS84Quad.xml,http://schemas.opengis.net/tms/2.0/xml/UTM07WGS84Quad.xml
https://defs.opengis.net/vocprez/object?uri=http%3A//schemas.opengis.net/tms/2.0/xml/UTM08WGS84Quad.xml,http://schemas.opengis.net/tms/2.0/xml/UTM08WGS84Quad.xml
https://defs.opengis.net/vocprez/object?uri=http%3A//schemas.opengis.net/tms/2.0/xml/UTM09WGS84Quad.xml,http://schemas.opengis.net/tms/2.0/xml/UTM09WGS84Quad.xml
https://defs.opengis.net/vocprez/object?uri=http%3A//schemas.opengis.net/tms/2.0/xml/UTM10WGS84Quad.xml,http://schemas.opengis.net/tms/2.0/xml/UTM10WGS84Quad.xml
https://defs.opengis.net/vocprez/object?uri=http%3A//schemas.opengis.net/tms/2.0/xml/UTM11WGS84Quad.xml,http://schemas.opengis.net/tms/2.0/xml/UTM11WGS84Quad.xml
https://defs.opengis.net/vocprez/object?uri=http%3A//schemas.opengis.net/tms/2.0/xml/UTM12WGS84Quad.xml,http://schemas.opengis.net/tms/2.0/xml/UTM12WGS84Quad.xml
https://defs.opengis.net/vocprez/object?uri=http%3A//schemas.opengis.net/tms/2.0/xml/UTM13WGS84Quad.xml,http://schemas.opengis.net/tms/2.0/xml/UTM13WGS84Quad.xml
https://defs.opengis.net/vocprez/object?uri=http%3A//schemas.opengis.net/tms/2.0/xml/UTM14WGS84Quad.xml,http://schemas.opengis.net/tms/2.0/xml/UTM14WGS84Quad.xml
https://defs.opengis.net/vocprez/object?uri=http%3A//schemas.opengis.net/tms/2.0/xml/UTM15WGS84Quad.xml,http://schemas.opengis.net/tms/2.0/xml/UTM15WGS84Quad.xml
https://defs.opengis.net/vocprez/object?uri=http%3A//schemas.opengis.net/tms/2.0/xml/UTM16WGS84Quad.xml,http://schemas.opengis.net/tms/2.0/xml/UTM16WGS84Quad.xml
https://defs.opengis.net/vocprez/object?uri=http%3A//schemas.opengis.net/tms/2.0/xml/UTM17WGS84Quad.xml,http://schemas.opengis.net/tms/2.0/xml/UTM17WGS84Quad.xml
https://defs.opengis.net/vocprez/object?uri=http%3A//schemas.opengis.net/tms/2.0/xml/UTM18WGS84Quad.xml,http://schemas.opengis.net/tms/2.0/xml/UTM18WGS84Quad.xml
https://defs.opengis.net/vocprez/object?uri=http%3A//schemas.opengis.net/tms/2.0/xml/UTM19WGS84Quad.xml,http://schemas.opengis.net/tms/2.0/xml/UTM19WGS84Quad.xml
https://defs.opengis.net/vocprez/object?uri=http%3A//schemas.opengis.net/tms/2.0/xml/UTM20WGS84Quad.xml,http://schemas.opengis.net/tms/2.0/xml/UTM20WGS84Quad.xml
https://defs.opengis.net/vocprez/object?uri=http%3A//schemas.opengis.net/tms/2.0/xml/UTM21WGS84Quad.xml,http://schemas.opengis.net/tms/2.0/xml/UTM21WGS84Quad.xml
https://defs.opengis.net/vocprez/object?uri=http%3A//schemas.opengis.net/tms/2.0/xml/UTM22WGS84Quad.xml,http://schemas.opengis.net/tms/2.0/xml/UTM22WGS84Quad.xml
https://defs.opengis.net/vocprez/object?uri=http%3A//schemas.opengis.net/tms/2.0/xml/UTM23WGS84Quad.xml,http://schemas.opengis.net/tms/2.0/xml/UTM23WGS84Quad.xml
https://defs.opengis.net/vocprez/object?uri=http%3A//schemas.opengis.net/tms/2.0/xml/UTM24WGS84Quad.xml,http://schemas.opengis.net/tms/2.0/xml/UTM24WGS84Quad.xml
https://defs.opengis.net/vocprez/object?uri=http%3A//schemas.opengis.net/tms/2.0/xml/UTM25WGS84Quad.xml,http://schemas.opengis.net/tms/2.0/xml/UTM25WGS84Quad.xml
https://defs.opengis.net/vocprez/object?uri=http%3A//schemas.opengis.net/tms/2.0/xml/UTM26WGS84Quad.xml,http://schemas.opengis.net/tms/2.0/xml/UTM26WGS84Quad.xml
https://defs.opengis.net/vocprez/object?uri=http%3A//schemas.opengis.net/tms/2.0/xml/UTM27WGS84Quad.xml,http://schemas.opengis.net/tms/2.0/xml/UTM27WGS84Quad.xml
https://defs.opengis.net/vocprez/object?uri=http%3A//schemas.opengis.net/tms/2.0/xml/UTM28WGS84Quad.xml,http://schemas.opengis.net/tms/2.0/xml/UTM28WGS84Quad.xml
https://defs.opengis.net/vocprez/object?uri=http%3A//schemas.opengis.net/tms/2.0/xml/UTM29WGS84Quad.xml,http://schemas.opengis.net/tms/2.0/xml/UTM29WGS84Quad.xml
https://defs.opengis.net/vocprez/object?uri=http%3A//schemas.opengis.net/tms/2.0/xml/UTM30WGS84Quad.xml,http://schemas.opengis.net/tms/2.0/xml/UTM30WGS84Quad.xml
https://defs.opengis.net/vocprez/object?uri=http%3A//schemas.opengis.net/tms/2.0/xml/UTM31WGS84Quad.xml,http://schemas.opengis.net/tms/2.0/xml/UTM31WGS84Quad.xml
https://defs.opengis.net/vocprez/object?uri=http%3A//schemas.opengis.net/tms/2.0/xml/UTM32WGS84Quad.xml,http://schemas.opengis.net/tms/2.0/xml/UTM32WGS84Quad.xml
https://defs.opengis.net/vocprez/object?uri=http%3A//schemas.opengis.net/tms/2.0/xml/UTM33WGS84Quad.xml,http://schemas.opengis.net/tms/2.0/xml/UTM33WGS84Quad.xml
https://defs.opengis.net/vocprez/object?uri=http%3A//schemas.opengis.net/tms/2.0/xml/UTM34WGS84Quad.xml,http://schemas.opengis.net/tms/2.0/xml/UTM34WGS84Quad.xml
https://defs.opengis.net/vocprez/object?uri=http%3A//schemas.opengis.net/tms/2.0/xml/UTM35WGS84Quad.xml,http://schemas.opengis.net/tms/2.0/xml/UTM35WGS84Quad.xml
https://defs.opengis.net/vocprez/object?uri=http%3A//schemas.opengis.net/tms/2.0/xml/UTM36WGS84Quad.xml,http://schemas.opengis.net/tms/2.0/xml/UTM36WGS84Quad.xml
https://defs.opengis.net/vocprez/object?uri=http%3A//schemas.opengis.net/tms/2.0/xml/UTM37WGS84Quad.xml,http://schemas.opengis.net/tms/2.0/xml/UTM37WGS84Quad.xml
https://defs.opengis.net/vocprez/object?uri=http%3A//schemas.opengis.net/tms/2.0/xml/UTM38WGS84Quad.xml,http://schemas.opengis.net/tms/2.0/xml/UTM38WGS84Quad.xml
https://defs.opengis.net/vocprez/object?uri=http%3A//schemas.opengis.net/tms/2.0/xml/UTM39WGS84Quad.xml,http://schemas.opengis.net/tms/2.0/xml/UTM39WGS84Quad.xml
https://defs.opengis.net/vocprez/object?uri=http%3A//schemas.opengis.net/tms/2.0/xml/UTM40WGS84Quad.xml,http://schemas.opengis.net/tms/2.0/xml/UTM40WGS84Quad.xml
https://defs.opengis.net/vocprez/object?uri=http%3A//schemas.opengis.net/tms/2.0/xml/UTM41WGS84Quad.xml,http://schemas.opengis.net/tms/2.0/xml/UTM41WGS84Quad.xml
https://defs.opengis.net/vocprez/object?uri=http%3A//schemas.opengis.net/tms/2.0/xml/UTM42WGS84Quad.xml,http://schemas.opengis.net/tms/2.0/xml/UTM42WGS84Quad.xml
https://defs.opengis.net/vocprez/object?uri=http%3A//schemas.opengis.net/tms/2.0/xml/UTM43WGS84Quad.xml,http://schemas.opengis.net/tms/2.0/xml/UTM43WGS84Quad.xml
https://defs.opengis.net/vocprez/object?uri=http%3A//schemas.opengis.net/tms/2.0/xml/UTM44WGS84Quad.xml,http://schemas.opengis.net/tms/2.0/xml/UTM44WGS84Quad.xml
https://defs.opengis.net/vocprez/object?uri=http%3A//schemas.opengis.net/tms/2.0/xml/UTM45WGS84Quad.xml,http://schemas.opengis.net/tms/2.0/xml/UTM45WGS84Quad.xml
https://defs.opengis.net/vocprez/object?uri=http%3A//schemas.opengis.net/tms/2.0/xml/UTM46WGS84Quad.xml,http://schemas.opengis.net/tms/2.0/xml/UTM46WGS84Quad.xml
https://defs.opengis.net/vocprez/object?uri=http%3A//schemas.opengis.net/tms/2.0/xml/UTM47WGS84Quad.xml,http://schemas.opengis.net/tms/2.0/xml/UTM47WGS84Quad.xml
https://defs.opengis.net/vocprez/object?uri=http%3A//schemas.opengis.net/tms/2.0/xml/UTM48WGS84Quad.xml,http://schemas.opengis.net/tms/2.0/xml/UTM48WGS84Quad.xml
https://defs.opengis.net/vocprez/object?uri=http%3A//schemas.opengis.net/tms/2.0/xml/UTM49WGS84Quad.xml,http://schemas.opengis.net/tms/2.0/xml/UTM49WGS84Quad.xml
https://defs.opengis.net/vocprez/object?uri=http%3A//schemas.opengis.net/tms/2.0/xml/UTM50WGS84Quad.xml,http://schemas.opengis.net/tms/2.0/xml/UTM50WGS84Quad.xml
https://defs.opengis.net/vocprez/object?uri=http%3A//schemas.opengis.net/tms/2.0/xml/UTM51WGS84Quad.xml,http://schemas.opengis.net/tms/2.0/xml/UTM51WGS84Quad.xml
https://defs.opengis.net/vocprez/object?uri=http%3A//schemas.opengis.net/tms/2.0/xml/UTM52WGS84Quad.xml,http://schemas.opengis.net/tms/2.0/xml/UTM52WGS84Quad.xml
https://defs.opengis.net/vocprez/object?uri=http%3A//schemas.opengis.net/tms/2.0/xml/UTM53WGS84Quad.xml,http://schemas.opengis.net/tms/2.0/xml/UTM53WGS84Quad.xml
https://defs.opengis.net/vocprez/object?uri=http%3A//schemas.opengis.net/tms/2.0/xml/UTM54WGS84Quad.xml,http://schemas.opengis.net/tms/2.0/xml/UTM54WGS84Quad.xml
https://defs.opengis.net/vocprez/object?uri=http%3A//schemas.opengis.net/tms/2.0/xml/UTM55WGS84Quad.xml,http://schemas.opengis.net/tms/2.0/xml/UTM55WGS84Quad.xml
https://defs.opengis.net/vocprez/object?uri=http%3A//schemas.opengis.net/tms/2.0/xml/UTM56WGS84Quad.xml,http://schemas.opengis.net/tms/2.0/xml/UTM56WGS84Quad.xml
https://defs.opengis.net/vocprez/object?uri=http%3A//schemas.opengis.net/tms/2.0/xml/UTM57WGS84Quad.xml,http://schemas.opengis.net/tms/2.0/xml/UTM57WGS84Quad.xml
https://defs.opengis.net/vocprez/object?uri=http%3A//schemas.opengis.net/tms/2.0/xml/UTM58WGS84Quad.xml,http://schemas.opengis.net/tms/2.0/xml/UTM58WGS84Quad.xml
https://defs.opengis.net/vocprez/object?uri=http%3A//schemas.opengis.net/tms/2.0/xml/UTM59WGS84Quad.xml,http://schemas.opengis.net/tms/2.0/xml/UTM59WGS84Quad.xml
https://defs.opengis.net/vocprez/object?uri=http%3A//schemas.opengis.net/tms/2.0/xml/UTM60WGS84Quad.xml,http://schemas.opengis.net/tms/2.0/xml/UTM60WGS84Quad.xml
https://defs.opengis.net/vocprez/object?uri=http%3A//schemas.opengis.net/tms/2.0/xml/WebMercatorQuad.xml,http://schemas.opengis.net/tms/2.0/xml/WebMercatorQuad.xml
https://defs.opengis.net/vocprez/object?uri=http%3A//schemas.opengis.net/tms/2.0/xml/WorldCRS84Quad.xml,http://schemas.opengis.net/tms/2.0/xml/WorldCRS84Quad.xml
https://defs.opengis.net/vocprez/object?uri=http%3A//schemas.opengis.net/tms/2.0/xml/WorldMercatorWGS84Quad.xml,http://schemas.opengis.net/tms/2.0/xml/WorldMercatorWGS84Quad.xml